{
  "project_info": {
    "project_number": "198890577560",
    "project_id": "project-i-b201f",
    "storage_bucket": "project-i-b201f.appspot.com"
  },
  "client": [
    {
      "client_info": {
        "mobilesdk_app_id": "1:198890577560:android:bdf31be8450057f3217aed",
        "android_client_info": {
          "package_name": "com.project_i.dry.lekham"
        }
      },
      "oauth_client": [
        {
          "client_id": "198890577560-3egjsmflum7e64jgguhmjphqhqrer3bc.apps.googleusercontent.com",
          "client_type": 1,
          "android_info": {
            "package_name": "com.project_i.dry.lekham",
            "certificate_hash": "5696cc5c4af3c23f49073b0d574751ba35ad1616"
          }
        },
        {
          "client_id": "198890577560-pvl02esecpu7i5h0eqdd4cv0uouudp1a.apps.googleusercontent.com",
          "client_type": 3
        }
      ],
      "api_key": [
        {
          "current_key": "AIzaSyA3NQObgo_Uj5ZPFa0o_kJXSNTF1K5w1UE"
        }
      ],
      "services": {
        "appinvite_service": {
          "other_platform_oauth_client": [
            {
              "client_id": "198890577560-pvl02esecpu7i5h0eqdd4cv0uouudp1a.apps.googleusercontent.com",
              "client_type": 3
            }
          ]
        }
      }
    }
  ],
  "configuration_version": "1"
}